time_s,mu,std,ci_lo,ci_hi
0.0,0.05895310800228142,0.003473331674954441,0.05214537791937072,0.06576083808519212
2.224448897795591,0.05887563891083344,0.003346377230651818,0.052316739538755874,0.065434538282911
4.448897795591182,0.05879889148558622,0.0032227233929284526,0.052482353635446455,0.06511542933572599
6.673346693386772,0.058722979198575276,0.0031026688067180316,0.05264174833740794,0.06480421005974261
8.897795591182364,0.05864802168021475,0.0029865156449964568,0.05279445101602169,0.0645015923444078
11.122244488977955,0.058574144986285964,0.0028745662523570283,0.05293999513166619,0.06420829484090573
13.346693386773545,0.05850148187538105,0.002767118852510052,0.05307792892446135,0.06392503482630076
15.571142284569136,0.05843017209718736,0.0026644622043946395,0.053207826176573866,0.06365251801780085
17.795591182364728,0.05836036269201321,0.0025668691297431167,0.0533292991977167,0.06339142618630972
20.020040080160317,0.05829220830196792,0.002474588901817449,0.05344201405440572,0.06314240254953012
22.24448897795591,0.05822587149422588,0.002387838585742111,0.05354570786617134,0.06290603512228042
24.4689378757515,0.058161523096818005,0.0023067935562335324,0.05364020772660028,0.06268283846703573
26.69338677354709,0.058099342547409887,0.002231577582019396,0.05372545048665187,0.0624732346081679
28.917835671342683,0.058039518255543265,0.0021622530411328595,0.05380150229492286,0.06227753421616367
31.142284569138273,0.05798224797821309,0.002098811991851359,0.05386857647418442,0.06209591948224175
33.366733466933866,0.05792773907576464,0.0020411693969936847,0.05392704705765702,0.061928431093872256
35.591182364729455,0.057876207858757245,0.001989162079931722,0.05397745018209107,0.06177496553542342
37.815631262525045,0.05782787804635468,0.001942553801578442,0.05402047259526094,0.06163528349744843
40.040080160320635,0.05778297911002418,0.0019010437368431566,0.05405693338581159,0.06150902483423677
42.26452905811623,0.0577417446207412,0.001864277601444348,0.05408776052191028,0.06139572871957212
44.48897795591182,0.057704410595690266,0.001831860836617697,0.05411396335591958,0.06129485783546095
46.71342685370741,0.057671213839974506,0.0018033730612832673,0.0541366026398593,0.06120582504008971
48.937875751503,0.05764239027882901,0.0017783829067152244,0.05415675978166717,0.06112802077599085
51.16232464929859,0.05761817327581539,0.001756462366826399,0.05417550703683565,0.061060839514795136
53.38677354709418,0.05759879193243742,0.0017371999116220951,0.054193880105658114,0.06100370375921673
55.611222444889776,0.05758446936458805,0.0017202117894784368,0.05421285425721032,0.06095608447196579
57.835671342685366,0.05757542095118646,0.0017051511471311797,0.054233324702809345,0.06091751719956357
60.060120240480956,0.057571852550313544,0.0016917147902700202,0.054256091561384306,0.06088761353924278
62.284569138276545,0.05757395867809383,0.0016796475686644283,0.054281849443511554,0.06086606791267611
64.50901803607213,0.05758192064550027,0.0016687444866184695,0.05431118145172807,0.060852659839272474
66.73346693386773,0.057595904648184114,0.0016588507121484191,0.054344557252373214,0.060847252043995013
68.95791583166331,0.05761605980434622,0.0016498596941087913,0.054382334803892984,0.06084978480479945
71.18236472945891,0.05764251613557192,0.0016417096069714751,0.05442476530590783,0.06086026696523601
73.40681362725451,0.057675382485451065,0.0016343783402385176,0.05447200093858357,0.06087876403231856
75.63126252505009,0.057714744370695195,0.0016278772442640146,0.05452410497193773,0.06090538376945266
77.85571142284569,0.057760661759342594,0.0016222438445577696,0.05458106382400937,0.06094025969467582
80.08016032064127,0.057813166770517635,0.0016175337470461704,0.05464280062630714,0.06098353291472813
82.30460921843687,0.05787226129007113,0.0016138119782325214,0.054709189812735384,0.06103533276740687
84.52905811623246,0.057937914496284465,0.0016111440341514617,0.0547800721893476,0.06109575680322133
86.75350701402805,0.05801006028966384,0.0016095869447325527,0.054855269877988035,0.06116485070133964
88.97795591182364,0.058088594620686995,0.0016091806876921294,0.05493460047281042,0.06124258876856357
91.20240480961922,0.0581733727118136,0.0016099403025484947,0.055017889718818554,0.06132885570480865
93.42685370741482,0.058264206642382715,0.001611849602973978,0.05510498142055372,0.06142343186421171
95.65130260521042,0.05836086591107193,0.0016148598342343244,0.05519574063597266,0.061525991186171206
97.875751503006,0.058463080756006654,0.0016188930039766297,0.05529005046821246,0.061636111043800845
100.1002004008016,0.05857054573441188,0.0016238466699923324,0.055387806261226906,0.061753285207596854
102.32464929859718,0.05868292320262426,0.0016295994252910472,0.05548890832905381,0.06187693807619472
104.54909819639278,0.05879984670438962,0.0016360167515363164,0.05559325387137844,0.0620064395374008
106.77354709418836,0.05892092427637374,0.0016429569340608136,0.05570072868561455,0.062141119867132937
108.99799599198396,0.0590457416796774,0.001650276769619821,0.05581119921122255,0.062280284148132255
111.22244488977955,0.059173865566016164,0.001657836846272134,0.05592450534732278,0.062423225784709546
113.44689378757514,0.05930484658711409,0.00166550622660221,0.05604045438297375,0.06256923879125442
115.67134268537073,0.0594382224557637,0.0016731664153744105,0.05615881628162986,0.06271762862989755
117.89579158316631,0.059573520966916926,0.0016807145368123203,0.05627932047476478,0.06286772145906908
120.12024048096191,0.05971026298710639,0.0016880656830032513,0.056401654248420016,0.06301887172579276
122.34468937875751,0.05984796542043569,0.0016951544230310164,0.0565254627512949,0.06317046808957648
124.56913827655309,0.059986144159338686,0.0017019354831254798,0.05665035061241275,0.06332193770626462
126.79358717434869,0.06012431702827736,0.0017083836229558067,0.05677588512728398,0.06347274892927074
129.01803607214427,0.060262006728533817,0.001714492744117467,0.05690160095006358,0.06362241250700405
131.24248496993988,0.06039874379225166,0.0017202742758422045,0.057027006211600936,0.06377048137290238
133.46693386773546,0.06053406955389324,0.0017257548917548136,0.0571515899660538,0.06391654914173267
135.69138276553105,0.06066753914730873,0.0017309736214752747,0.05727483084921719,0.06406024744540026
137.91583166332663,0.060798724536648814,0.0017359784328557194,0.0573962068082516,0.06420124226504602
140.14028056112224,0.06092721758941354,0.0017408223748795763,0.05751520573464957,0.06433922944417751
142.36472945891782,0.061052633199990713,0.001745559387292127,0.057631336800898145,0.06447392959908328
144.5891783567134,0.061174612472126036,0.00175023989979998,0.057744142268518074,0.06460508267573399
146.81362725450902,0.06129282596885837,0.0017549063594943393,0.057853209504249464,0.06473244243346728
149.0380761523046,0.06140697703856795,0.0017595888379370208,0.05795818291621139,0.06485577116092452
151.26252505010018,0.06151680522273666,0.0017643008797563172,0.05805877549841428,0.06497483494705905
153.48697394789576,0.06162208926687751,0.0017690362026214384,0.05815477830973949,0.06508940022401553
155.71142284569137,0.06172264723494734,0.0017737686932734727,0.058246060596131334,0.06519923387376335
157.93587174348696,0.06181833407706344,0.0017784553623467485,0.05833256156686381,0.06530410658726307
160.16032064128254,0.06190903897433245,0.0017830399651255862,0.0584142806426863,0.06540379730597859
162.38476953907815,0.061994682773705685,0.0017874568347153598,0.05849126737766358,0.06549809816974779
164.60921843687373,0.06207521550772566,0.0017916347741096185,0.058563611350470814,0.06558681966498052
166.83366733466931,0.06215061399335484,0.0017955008665835252,0.058631432294851134,0.06566979569185855
169.05811623246493,0.06222087950420959,0.0017989840805763813,0.058694870706279885,0.0657468883021393
171.2825651302605,0.062286035510645044,0.0018020185643317797,0.058754079124554756,0.06581799189673533
173.5070140280561,0.06234612548225102,0.001804546545166724,0.05880921425372424,0.0658830367107778
175.73146292585167,0.06240121074742352,0.001806520766893574,0.058860430044312115,0.06594199145053492
177.95591182364728,0.06245136840477256,0.0018079064156965288,0.05890787183000737,0.06599486497953776
180.18036072144287,0.06249668928121689,0.001808682499247507,0.05895167158269178,0.066041706979742
182.40480961923845,0.06253727593169302,0.0018088426560778587,0.058991944325780414,0.06608260753760561
184.62925851703406,0.06257324067547966,0.0018083953826061741,0.05902878572557156,0.06611769562538776
186.85370741482964,0.06260470366420105,0.0018073636744258739,0.05906227086232634,0.06614713646607577
189.07815631262523,0.06263179097662794,0.0018057840872981502,0.05909245416552356,0.0661711277877323
191.30260521042084,0.06265463273544136,0.00180370523262907,0.059119370479488384,0.06618989499139434
193.52705410821642,0.0626733612411653,0.0018011857328279555,0.059143037204822516,0.0662036852775081
195.751503006012,0.0626881091185039,0.001798291674448189,0.05916345743658546,0.06621276080042236
197.97595190380758,0.06269900747034407,0.0017950936117329252,0.059180623991347533,0.06621739094934061
200.2004008016032,0.0627061840346985,0.0017916631900562168,0.05919452418218832,0.0662178438872087
202.42484969939878,0.06270976133987345,0.0017880694772400545,0.05920514516448294,0.06621437751526396
204.64929859719436,0.06270985485314537,0.0017843751098020554,0.05921247963793334,0.0662072300683574
206.87374749498997,0.0627065711182227,0.00178063237931997,0.05921653165475556,0.06619661058168984
209.09819639278555,0.06270000587675448,0.0017768793993634788,0.05921732225400206,0.0661826894995069
211.32264529058114,0.06269024217126942,0.0017731365073569523,0.0592148946168498,0.06616558972568905
213.54709418837672,0.0626773487073875,0.0017694035359774249,0.05920931777687175,0.06614537963790326
215.77154308617233,0.06266137982751417,0.0017656603833178786,0.05920068547621113,0.06612207417881721
217.9959919839679,0.06264237683462773,0.0017618704228882563,0.05918911080576675,0.06609564286348871
220.2204408817635,0.06262036944571309,0.0017579845378364858,0.05917471975155358,0.0660660191398726
222.4448897795591,0.06259537722219853,0.0017539453577059187,0.05915764432109493,0.06603311012330214
224.6693386773547,0.06256741098047892,0.0017496915431997467,0.05913801555580742,0.06599680640515043
226.89378757515027,0.06253647418589464,0.0017451619740266543,0.0591159567168024,0.06595699165498689
229.11823647294588,0.06250256433350908,0.0017402997088900138,0.059091576904084654,0.06591355176293351
231.34268537074146,0.06246567431901158,0.0017350556034072772,0.05906496533633332,0.06586638330168984
233.56713426853705,0.06242579380305645,0.0017293914892342235,0.05903618648415737,0.06581540112195552
235.79158316633263,0.06238291057234073,0.0017232828343664677,0.059005276216982455,0.065760544927699
238.01603206412824,0.06233701190072091,0.0017167208194900161,0.05897223909452048,0.06570178470692134
240.24048096192382,0.06228808591367066,0.0017097137779389896,0.05893704690891024,0.06563912491843107
242.4649298597194,0.06223612295938846,0.001702287957435622,0.058899638562814646,0.06557260735596228
244.68937875751502,0.062181116989877785,0.0016944875710004986,0.058859921350716805,0.06550231262903876
246.9138276553106,0.06212306695534113,0.0016863741132915255,0.05881777369328974,0.06542836021739253
249.13827655310618,0.0620619782152505,0.0016780249285178659,0.05877304935535548,0.06535090707514551
251.3627254509018,0.061997863969488705,0.0016695310284729641,0.0587255831536817,0.06527014478529572
253.58717434869737,0.06193074671298949,0.0016609941755788228,0.058675198128854994,0.06518629529712398
255.81162324649296,0.0618606597173424,0.0016525232672896914,0.058621714113454605,0.0650996053212302
258.03607214428854,0.06178764854287807,0.0016442300853659166,0.05856495757556087,0.06501033951019526
260.2605210420841,0.06171177258479607,0.0016362245061540082,0.058504772552734216,0.06491877261685793
262.48496993987976,0.061633106656958404,0.0016286093047425346,0.05844103241966304,0.06482518089425378
264.70941883767534,0.06155174261703156,0.0016214747240983554,0.05837365215779878,0.06472983307626433
266.9338677354709,0.061467791036730036,0.0016148930161829225,0.058302600725011505,0.06463298134844857
269.1583166332665,0.06138138292098841,0.001608913190852393,0.05822791306691772,0.0645348527750591
271.3827655310621,0.06129267147685047,0.0016035562306333866,0.058149701264809034,0.0644356416888919
273.6072144288577,0.06120183358110387,0.001598811666249383,0.05806816271525508,0.06433550444695266
275.83166332665326,0.061109069360709437,0.001594638580966079,0.05798357774201592,0.06423456097940296
278.0561122244489,0.061014600273787314,0.0015909703078073462,0.057896298470484914,0.06413290207708972
280.2805611222445,0.06091866707852164,0.0015877200783360886,0.05780673572498291,0.06403059843206038
282.50501002004006,0.060821527849931376,0.001584787063159733,0.0577153452061383,0.06392771049372445
284.72945891783564,0.060723456039440356,0.0015820625438808832,0.05762261345343382,0.06382429862544689
286.9539078156312,0.06062473857198762,0.0015794359738451448,0.057529044063251135,0.0637204330807241
289.1783567134268,0.060525673975478284,0.0015768007141440902,0.05743514457575587,0.0636162033752007
291.4028056112224,0.06042657053742809,0.0015740592669952968,0.05734141437411731,0.06351172670073887
293.62725450901803,0.060327744483697154,0.0015711278658106986,0.05724833386670818,0.06340715510068612
295.8517034068136,0.060229518174241936,0.0015679403159713317,0.057156355154938124,0.06330268119354575
298.0761523046092,0.060132218310841194,0.001564451009923401,0.05706589433139133,0.06319854229029107
300.3006012024048,0.060036174151768984,0.0015606370635148357,0.05697732550727991,0.06309502279625806
302.52505010020036,0.05994171572839438,0.0015564995376569624,0.05689097663458673,0.06299245482220203
304.74949899799594,0.0598491720586906,0.0015520637216513893,0.05680712716425388,0.06289121695312733
306.9739478957915,0.059758869352626115,0.0015473784639099715,0.056726007563362574,0.06279173114188966
309.19839679358716,0.0596711292043932,0.0015425145448577052,0.0566478006964721,0.0626944577123143
311.42284569138275,0.05958626676640576,0.0015375620983067145,0.0565726450537246,0.06259988847908692
313.64729458917833,0.05950458889996201,0.0015326271041854883,0.056500639775758456,0.06250853802416557
315.8717434869739,0.059426392297427195,0.0015278269993816522,0.05643185137863916,0.06242093321621523
318.0961923847695,0.0593519615707384,0.0015232854859173006,0.05636632201834049,0.06233760112313631
320.3206412825651,0.05928156730097477,0.0015191266566614862,0.05630407905391826,0.06225905554803129
322.5450901803607,0.05921546404366702,0.0015154686064776986,0.05624514557497073,0.062185782512363307
324.7695390781563,0.0591538882844421,0.0015124167472618459,0.056189551459808876,0.06211822510907532
326.9939879759519,0.05909705633951283,0.0015100570929489758,0.056137344437332835,0.062056768241692824
329.21843687374746,0.05904516219542518,0.001508449818041353,0.05608860055206413,0.06200172383878623
331.44288577154305,0.05899837528606503,0.001507623420706332,0.05604343338148062,0.06195331719064944
333.66733466933863,0.05895683856710361,0.0015075705761111353,0.056002000237925786,0.06191167689628144
335.8917835671342,0.05892066841131247,0.0015082491166165848,0.05596450014274397,0.061876836679880975
338.11623246492985,0.05888995587120096,0.0015095871404712197,0.05593116507587737,0.06184874666652455
340.34068136272543,0.05886476801058709,0.0015114892437720542,0.055902249092793864,0.06182728692838032
342.565130260521,0.0588451491643647,0.001513843249092123,0.05587801639614414,0.06181228193258526
344.7895791583166,0.05883112212920023,0.0015165271082619154,0.055858728997006876,0.06180351526139359
347.0140280561122,0.05882268928794516,0.0015194156826418292,0.05584463454996717,0.06180074402592314
349.23847695390776,0.05881983367043423,0.0015223871453990654,0.055835954865452064,0.0618037124754164
351.46292585170335,0.058822519953229284,0.001525328799420843,0.055832875506364434,0.061812164400094134
353.687374749499,0.058830695400759754,0.0015281421545394326,0.05583553677786247,0.06182585402365704
355.91182364729457,0.058844290750209007,0.001530747153355607,0.055844026329632014,0.061844555170786
358.13627254509015,0.058863221042396184,0.001533085472819354,0.05585837351567025,0.061868068569122116
360.36072144288573,0.058887386400807415,0.0015351228576066349,0.05587854559989841,0.06189622720171642
362.5851703406813,0.05891667276083741,0.0015368504616827285,0.05590444585593926,0.06192889966573556
364.8096192384769,0.05895095255121569,0.001538285188041821,0.05593591358265372,0.06196599151977766
367.0340681362725,0.0589900853295043,0.0015394690260666882,0.05597272603841359,0.062007444620595015
369.2585170340681,0.059033918373473,0.0015404673943105677,0.056014602280624284,0.062053234466321716
371.4829659318637,0.0590822872300782,0.0015413665068802894,0.05606120887659283,0.062103365583563566
373.7074148296593,0.05913501622369627,0.0015422697968199967,0.05611216742192907,0.062157865025463464
375.93186372745487,0.059191918925188124,0.0015432934521490036,0.05616706375897608,0.06221677409140017
378.15631262525045,0.059252798583301035,0.001544561150651923,0.056225458728023266,0.062280138438578804
380.38076152304603,0.059317448519847125,0.001546198117880498,0.05628690020880135,0.0623479968308929
382.6052104208417,0.059385652490030846,0.0015483246770927935,0.05635093612292897,0.06242036885713272
384.82965931863725,0.05945718500923611,0.001551049506102917,0.05641712797727439,0.062497242041197824
387.05410821643284,0.059531811647522435,0.0015544628586051414,0.056485064444656355,0.06257855885038852
389.2785571142284,0.05960928929302184,0.0015586300396965137,0.05655437441521667,0.062664204170827
391.503006012024,0.05968936638657846,0.001563585449272002,0.056624738906005334,0.06275399386715158
393.7274549098196,0.05977178323355085,0.0015693282771231977,0.05669589981038938,0.06284766665671232
395.95190380761517,0.05985627280243197,0.0015758231281348641,0.05676765947128764,0.06294488613357631
398.1763527054108,0.05994256187099052,0.001583004458513131,0.056839873132304784,0.06304525060967625
400.4008016032064,0.060030372185396114,0.0015907820268054069,0.056912439412857514,0.0631483049579347
402.625250501002,0.06011942160100435,0.0015990468027765976,0.05698528986756222,0.06325355333444647
404.84969939879755,0.06020942520812673,0.0016076770430941388,0.05705837820366222,0.06336047221259124
407.07414829659314,0.060300096446112054,0.0016165442678929243,0.05713166968104192,0.06346852321118218
409.2985971943887,0.06039114820904519,0.0016255189109353585,0.057205131143611886,0.06357716527447849
411.5230460921843,0.06048229394635174,0.0016344754618658876,0.0572787220410946,0.06368586585160887
413.74749498997994,0.060573248761586054,0.0016432969660385094,0.05735238670815058,0.06379411081502154
415.9719438877755,0.06066373051267501,0.001651878791020215,0.05742604808227539,0.06390141294307464
418.1963927855711,0.06075346091689082,0.001660131606279494,0.057499602968583016,0.06400731886519863
420.4208416833667,0.06084216666383055,0.0016679835525079362,0.057572918900914996,0.0641114144267461
422.64529058116227,0.06092958053969411,0.0016753815995979523,0.057645832604482125,0.0642133284749061
424.86973947895785,0.06101544256616657,0.0016822921085512393,0.05771815003340614,0.064312735098927
427.09418837675344,0.06109950115723714,0.001688700624132198,0.05778964793393803,0.06440935438053624
429.3186372745491,0.061181514297311855,0.0016946109337416513,0.05786007686717822,0.0645029517274455
431.54308617234466,0.0612612507440157,0.0017000434355627955,0.05792916561031262,0.06459333587771877
433.76753507014024,0.061338491259115654,0.0017050328670809465,0.057996626839637,0.06468035567859431
435.9919839679358,0.06141302987104577,0.0017096254547733552,0.058062163979689996,0.06476389576240155
438.2164328657314,0.06148467517256512,0.0017138755577865883,0.058125479079303405,0.06484387126582683
440.440881763527,0.06155325165713802,0.001717841892872362,0.05818628154710819,0.06492022176716786
442.6653306613226,0.0616186010976898,0.0017215834442304782,0.058244297546998065,0.06499290464838153
444.8897795591182,0.06168058397146163,0.0017251551790758235,0.05829927982047302,0.06506188812245024
447.1142284569138,0.061739080934763574,0.0017286037060254404,0.058351017670953714,0.06512714419857343
449.3386773547094,0.06179399435150852,0.001731963026688744,0.05839934681919858,0.06518864188381845
451.56312625250496,0.06184524987468946,0.001735250547478677,0.05844415880163125,0.06524634094774766
453.78757515030054,0.06189279771681697,0.0017384641683957198,0.05848540794676136,0.06530018748687258
456.0120240480961,0.061936612275734146,0.001741582954439945,0.058523109685031854,0.06535011486643644
458.23647294589176,0.061976690646523815,0.0017445704046334031,0.058557332653442346,0.06539604863960528
460.46092184368734,0.06201305109142435,0.0017473782518180724,0.05858818971786092,0.06543791246498777
462.6853707414829,0.06204573156674706,0.0017499504519232904,0.05861582868097741,0.06547563445251671
464.9098196392785,0.06207478830327602,0.0017522272104195423,0.05864042297085372,0.06550915363569833
467.1342685370741,0.062100294436653505,0.0017541489054955447,0.05866216258188224,0.06553842629142477
469.3587174348697,0.062122338684339265,0.0017556597833748874,0.058681245508924486,0.06556343185975405
471.58316633266526,0.06214102406580843,0.0017567113191190658,0.05869786988033506,0.0655841782512818
473.8076152304609,0.062156466662726104,0.001757265154430952,0.058712226960041435,0.06560070636541077
476.0320641282565,0.06216879441590329,0.0017572955410227013,0.058724495155498796,0.06561309367630778
478.25651302605206,0.06217814595590059,0.0017567912332333371,0.05873483513876325,0.06562145677303793
480.48096192384764,0.06218466946420336,0.0017557567865000478,0.058743386162663266,0.06562595276574346
482.7054108216432,0.062188521561942545,0.0017542132292154749,0.05875026363268021,0.06562677949120488
484.9298597194388,0.0621898662231827,0.0017521980850646887,0.05875555797645591,0.0656241744699095
487.15430861723445,0.062188873709839866,0.0017497647320409793,0.05875933483503955,0.06561841258464018
489.37875751503003,0.06218571952532902,0.0017469810940854836,0.05876163658092147,0.06560980246973656
491.6032064128256,0.06218058338407151,0.0017439276728150209,0.058762485145354065,0.06559868162278895
493.8276553106212,0.062173648194021346,0.0017406949411239885,0.05876188610941833,0.06558541027862436
496.0521042084168,0.06216509904938983,0.0017373801383165515,0.058759833978289384,0.06557036412049026
498.27655310621236,0.06215512223076732,0.0017340835281382434,0.058756318515616364,0.06555392594591827
500.50100200400794,0.062143904209850866,0.0017309042062854528,0.05875133196553138,0.06553647645417035
502.7254509018036,0.062131630655998006,0.0017279355715629837,0.05874487693573456,0.06551838437626145
504.94989979959917,0.06211848544182638,0.0017252606028817282,0.058736974660178194,0.06549999622347456
507.17434869739475,0.06210464964508153,0.0017229471100224996,0.05872767330943743,0.06548162598072563
509.39879759519033,0.062090300543984636,0.0017210431462759935,0.05871705597728369,0.06546354511068558
511.6232464929859,0.06207561060462083,0.001719572793543263,0.05870524792927603,0.06544597327996562
513.8476953907815,0.06206074654943227,0.001718533279437398,0.05869242132173497,0.06542907177712957
516.0721442885771,0.0620458688153032,0.001717896144427171,0.058678792372225945,0.06541294525838046
518.2965931863727,0.0620311312603056,0.001717611258616556,0.05866461319341715,0.06539764932719405
520.5210420841682,0.06201668087462852,0.0017176114908960304,0.0586501623524723,0.06538319939678473
522.7454909819638,0.06200265747309914,0.0017178176498734454,0.05863573487934719,0.06536958006685109
524.9699398797595,0.061989193368245626,0.0017181434977623475,0.058621632112631425,0.06535675462385983
527.1943887775551,0.061976413022827526,0.0017185006521862644,0.058608151744542446,0.0653446743011126
529.4188376753507,0.06196443268072526,0.00171880321230023,0.05859557838461681,0.06533328697683372
531.6432865731463,0.06195335997504286,0.001718971971383731,0.05858417491113074,0.06532254503895497
533.8677354709419,0.061943293512240365,0.0017189381049999078,0.05857417482644055,0.06531241219804018
536.0921843687374,0.061934322431069944,0.001718646249477999,0.058565775782093064,0.06530286908004682
538.316633266533,0.06192652593504849,0.001718056908241025,0.05855913439489609,0.0652939174752009
540.5410821643286,0.06191997279715345,0.001717148142625368,0.058554362437607727,0.06528558315669918
542.7655310621242,0.06191472083538088,0.0017159165193808314,0.05855152445739445,0.06527791721336731
544.9899799599198,0.06191081635775717,0.0017143772996993198,0.058550636850346505,0.06527099586516784
547.2144288577153,0.06190829357534093,0.0017125638655592853,0.05855166839884473,0.06526491875183713
549.4388777555109,0.0619071739817002,0.0017105263898165492,0.05855454225765977,0.06525980570574064
551.6633266533065,0.061907465697291185,0.001708329768307464,0.05855913935140856,0.06525579204317382
553.8877755511021,0.06190916277710586,0.0017060508466053188,0.05856530311775944,0.06525302243645228
556.1122244488978,0.061912244479894844,0.0017037749919908715,0.05857284549559274,0.06525164346419696
558.3366733466934,0.06191667449720456,0.0017015920831062296,0.05858155401431635,0.06525179498009277
560.561122244489,0.06192240014040285,0.0016995920153630828,0.05859119979029121,0.0652536004905145
562.7855711422845,0.06192935148379458,0.0016978598482809584,0.0586015461811639,0.06525715678642525
565.0100200400801,0.061937440461856084,0.0016964707494071425,0.058612357793018086,0.06526252313069408
567.2344689378757,0.061946559918540305,0.001695484915344291,0.0586234094844655,0.06526971035261511
569.4589178356713,0.061956582606524056,0.0016949426701345293,0.05863449497306038,0.06527867023998773
571.6833667334669,0.06196736014214318,0.001694859964963212,0.058645434610815284,0.06528928567347107
573.9078156312625,0.06197872239452005,0.0016952253175062043,0.05865608077220789,0.0653013640168322
576.132264529058,0.0619904788245076,0.0016960009558739237,0.05866631695099471,0.0653146406980205
578.3567134268536,0.06200242102186396,0.0016971268042117913,0.058676052485608844,0.06532878955811906
580.5811623246492,0.06201432529186924,0.0016985251201038008,0.05868521605646579,0.06534343452727269
582.8056112224448,0.06202595520303257,0.001700105408540059,0.05869374860229405,0.06535816180377109
585.0300601202405,0.062037064102483164,0.0017017694068359322,0.05870159606508474,0.06537253213988159
587.2545090180361,0.062047397605610136,0.0017034159513733705,0.05870870234091833,0.06538609287030195
589.4789579158316,0.06205669606647579,0.0017049455613823445,0.058715002766166396,0.06539838936678519
591.7034068136272,0.062064697035493166,0.001706264603564159,0.058720418412507414,0.06540897565847892
593.9278557114228,0.06207113771083904,0.0017072889308784994,0.05872485140631718,0.0654174240153609
596.1523046092184,0.06207575739006375,0.0017079469166986253,0.05872818143333444,0.06542333334679305
598.376753507014,0.06207829992835691,0.001708181830122773,0.058730263541316274,0.06542633631539754
600.6012024048096,0.062078516209944264,0.0017079535187457986,0.0587309273132025,0.06542610510668603
602.8256513026051,0.062076166639106395,0.0017072393816839448,0.05872997745100586,0.06542235582720693
605.0501002004007,0.06207102365734945,0.0017060346287509065,0.058727195784997674,0.06541485152970122
607.2745490981963,0.0620628742932961,0.0017043518324843107,0.05872234470162685,0.06540340388496535
609.4989979959919,0.06205152275192253,0.0017022197895081004,0.058715171964486654,0.0653878735393584
611.7234468937875,0.06203679304983122,0.0016996817178255004,0.05870541688289324,0.0653681692167692
613.947895791583,0.06201853170332651,0.0016967928282788163,0.05869281775990003,0.065344245646753
616.1723446893787,0.06199661047614619,0.0016936173225079953,0.05867712052403052,0.06531610042826186
618.3967935871743,0.06197092919380242,0.0016902248867842432,0.0586580884157053,0.06528376997189954
620.6212424849699,0.06194141863159511,0.0016866867710107981,0.058635512560413945,0.06524732470277628
622.8456913827655,0.061908043483481036,0.001683071564238769,0.05860922321757305,0.06520686374938903
625.0701402805611,0.06187080541911873,0.0016794408007896158,0.05857910144957108,0.06516250938866637
627.2945891783567,0.06182974623655037,0.0016758445524180446,0.058545090913811,0.06511440155928974
629.5190380761522,0.061784951118142376,0.0016723171792825272,0.05850720944674862,0.06506269278953612
631.7434869739478,0.06173655197750228,0.0016688734391380148,0.05846556003679177,0.06500754391821278
633.9679358717434,0.0616847298201098,0.0016655060073444536,0.05842033804571467,0.06494912159450493
636.192384769539,0.06162971293491178,0.0016621870857657965,0.05837182624681082,0.06488759962301274
638.4168336673346,0.06157177266003281,0.001658872645740637,0.05832038227438116,0.06482316304568446
640.6412825651302,0.061511219076997976,0.0016555072377846302,0.058266424890940104,0.06475601326305586
642.8657314629257,0.06144839680283777,0.001652029034806913,0.05821041989461622,0.06468637371105931
645.0901803607214,0.06138368086927194,0.0016483749247312488,0.05815286601679869,0.06461449572174519
647.314629258517,0.06131747267827566,0.0016444854810798138,0.05809428113535923,0.0645406642211921
649.5390781563126,0.06125019602345896,0.0016403096578370062,0.058035189094098424,0.06446520295281949
651.7635270541082,0.06118229316679522,0.0016358090747499816,0.05797610738028526,0.06438847895330518
653.9879759519038,0.06111422096032494,0.0016309617785121857,0.05791753587444106,0.06431090604620883
656.2124248496993,0.06104644700253244,0.0016257653820610125,0.05785994685369286,0.06423294715137202
658.4368737474949,0.060979445819149956,0.001620239497402441,0.05780377640424117,0.06415511523405874
660.6613226452905,0.06091369505817926,0.0016144273867560184,0.05774941738013746,0.06407797273622105
662.8857715430861,0.06084967168894447,0.001608396763097898,0.05769721403327259,0.06400212934461635
665.1102204408817,0.06078784819499189,0.0016022396759076479,0.0576474584302129,0.06392823795977087
667.3346693386773,0.06072868875064086,0.0015960714233775198,0.05760038876082092,0.0638569887404608
669.5591182364728,0.060672645370958754,0.0015900284413779763,0.05755618962585792,0.0637891011160596
671.7835671342684,0.060620154024888226,0.0015842651352714436,0.0575149943597562,0.06372531369002025
674.008016032064,0.06057163070118717,0.0015789496463433968,0.057476889394354115,0.06366637200802024
676.2324649298597,0.06052746741676516,0.0015742585826496237,0.0574419205947719,0.06361301423875843
678.4569138276553,0.0604880281568969,0.0015703707955636585,0.057410101397592124,0.06356595491620166
680.6813627254509,0.06045364473668079,0.001567460347162762,0.057381422456241775,0.0635258670171198
682.9058116232464,0.06042461257297478,0.0015656888858187356,0.05735586235677006,0.0634933627891795
685.130260521042,0.06040118635589142,0.0015651977207372313,0.05733339882324645,0.0634689738885364
687.3547094188376,0.060383575608763236,0.0015660999506270075,0.0573140197055343,0.06345313151199217
689.5791583166332,0.06037194012530401,0.0015684730455132528,0.05729773295609803,0.06344614729450998
691.8036072144288,0.06036638530019471,0.0015723523168124469,0.05728457475924231,0.06344819584114711
694.0280561122244,0.06036695868736865,0.0015777268169286306,0.05727461412618854,0.06345930324854877
696.25250501002,0.06037365145721747,0.0015845410691972912,0.057267950961590784,0.06347935195284417
698.4769539078155,0.060386402551486404,0.0015927006089367047,0.05726470935797046,0.06350809574500235
700.7014028056111,0.06040510288518332,0.0016020786905383572,0.05726502865172814,0.0635451771186385
702.9258517034067,0.06042959941785682,0.0016125235954995878,0.057269053170677625,0.06359014566503601
705.1503006012024,0.0604596991043128,0.001623866142708035,0.05727692146460505,0.06364247674402054
707.374749498998,0.06049517273465534,0.0016359270399954906,0.057288755736264185,0.0637015897330465
709.5991983967936,0.060535758673349496,0.001648523776577059,0.05730465207125846,0.06376686527544054
711.8236472945891,0.0605811665068344,0.0016614768279088737,0.05732467192413301,0.06383766108953579
714.0480961923847,0.06063108060905823,0.001674615017379857,0.057348835174993715,0.06391332604312275
716.2725450901803,0.06068516363416746,0.0016877799453773978,0.05737711494122776,0.06399321232710717
718.4969939879759,0.06074305994545779,0.0017008294510284354,0.057409434221442054,0.06407668566947353
720.7214428857715,0.060804398989585284,0.001713640113592596,0.057445664366943795,0.06416313361222677
722.945891783567,0.060868798624940504,0.0017261088295684637,0.057485625318986315,0.06425197193089469
725.1703406813626,0.0609358684130099,0.0017381535199870299,0.05752908751383532,0.06434264931218447
727.3947895791582,0.061005212881481675,0.0017497130327189256,0.05757577533735258,0.06443465042561076
729.6192384769538,0.06107643476780475,0.0017607463096623798,0.05762537200086648,0.06452749753474302
731.8436873747494,0.06114913825187196,0.0017712308909047022,0.05767752570569874,0.06462075079804518
734.068136272545,0.06122293218647739,0.001781160829405921,0.057731856960841786,0.064714007412113
736.2925851703407,0.06129743333419054,0.0017905440919208922,0.057787966914025594,0.0648068997543555
738.5170340681362,0.06137226961929745,0.0017993995256548583,0.057845446549013926,0.06489909268958097
740.7414829659318,0.061447083403479374,0.0018077534758607434,0.05790388659079232,0.06499028021616643
742.9659318637274,0.061521534793938064,0.0018156361470311204,0.05796288794575707,0.06508018164211905
745.190380761523,0.06159530499272382,0.001823077808826756,0.05802207248742338,0.06516853749802426
747.4148296593186,0.0616680996960913,0.0018301049563414964,0.05808109398166197,0.06525510541052064
749.6392785571142,0.06173965255278424,0.0018367365413640077,0.05813964893171079,0.0653396561738577
751.8637274549097,0.061809728668741265,0.001842980413654623,0.058197487057978205,0.06542197027950433
754.0881763527053,0.06187812722546941,0.0018488308877325163,0.05825441868551368,0.06550183576542515
756.3126252505009,0.06194468082463855,0.0018542695350786719,0.05831031253588435,0.06557904911339274
758.5370741482965,0.06200925311597515,0.0018592678408269187,0.058365088147954394,0.06565341808399591
760.7615230460921,0.062071736392030785,0.00186379018381015,0.05841870763176289,0.06572476515229868
762.9859719438876,0.06213204925470035,0.0018677969286952732,0.058471167274457614,0.06579293123494309
765.2104208416833,0.06219013434808273,0.001871247518224512,0.05852248921236269,0.06585777948380278
767.4348697394789,0.06224595615238272,0.0018741034628124696,0.058572713365270285,0.06591919893949516
769.6593186372745,0.062299498833650525,0.0018763311360071682,0.05862188980707648,0.06597710786022458
771.8837675350701,0.062350764144247534,0.0018779042964286701,0.05867007172324734,0.06603145656524773
774.1082164328657,0.062399769369009185,0.001878806268803257,0.0587173090821548,0.06608222965586356
776.3326653306613,0.06244654531215307,0.001879031727958266,0.05876364312535487,0.06612944749895128
778.5571142284568,0.06249113432004469,0.0018785880397920653,0.05880910176205224,0.06617316687803713
780.7815631262524,0.06253358833499477,0.0018774961222553118,0.05885369593537436,0.06621348073461518
783.006012024048,0.06257396697531213,0.0018757907975171053,0.058897417012178606,0.06625051693844566
785.2304609218436,0.06261233563688172,0.0018735206142103849,0.05894023523302937,0.06628443604073407
787.4549098196392,0.06264876361156943,0.0018707471265931386,0.05898209924344688,0.06631542797969198
789.6793587174348,0.06268332221778929,0.0018675436263443988,0.05902293671015427,0.0663437077254243
791.9038076152303,0.06271608293858423,0.0018639933332625024,0.05906265600538973,0.06636950987177874
794.1282565130259,0.06274711556258823,0.0018601870639736386,0.0591011489171999,0.06639308220797656
796.3527054108216,0.0627764863232418,0.0018562204132980648,0.059138294313177596,0.06641467833330601
798.5771543086172,0.06280425603163077,0.00185219050123448,0.05917396264921119,0.06643454941405035
800.8016032064128,0.06283047819831059,0.0018481923592348775,0.05920802117421022,0.06645293522241094
803.0260521042084,0.06285519713945899,0.001844315051636541,0.059240339638251364,0.0664700546406666
805.250501002004,0.06287844606267731,0.0018406376503155616,0.05927079626805881,0.06648609585729581
807.4749498997995,0.06290024512772761,0.0018372252008295466,0.059299283734101704,0.06650120652135352
809.6993987975951,0.06292059947745311,0.0018341248341608358,0.059325714802497875,0.06651548415240835
811.9238476953907,0.06293949725171807,0.0018313622110816944,0.059350027317997954,0.0665289671854382
814.1482965931863,0.0629569082782173,0.0018289394048917988,0.059372187044629376,0.06654162951180523
816.3727454909819,0.06297278508698925,0.0018268365538236205,0.05939218544149496,0.06655338473248355
818.5971943887774,0.06298706509019984,0.0018250156564601546,0.05941003440353794,0.06656409577686175
820.821643286573,0.06299967279595257,0.0018234248217233564,0.0594257601453748,0.06657358544653036
823.0460921843686,0.06301052199294295,0.001822002714804807,0.05943939667192553,0.06658164731396037
825.2705410821643,0.06301951791140517,0.0018206830356866984,0.05945097916145924,0.0665880566613511
827.4949899799599,0.06302655936576541,0.0018193988771485962,0.059460537566554166,0.06659258116497666
829.7194388777555,0.06303154088438521,0.0018180868249876067,0.05946809070740951,0.06659499106136092
831.943887775551,0.06303435483176037,0.0018166906821876995,0.05947364109467248,0.06659506856884825
834.1683366733466,0.06303489352853037,0.0018151647187742512,0.059477170679732835,0.0665926163773279
836.3927855711422,0.06303305137464797,0.001813476368374165,0.05947863769263461,0.06658746505666134
838.6172344689378,0.06302872698107026,0.0018116083099577961,0.05947797469355298,0.06657947926858754
840.8416833667334,0.0630218253153423,0.0018095598884045794,0.059475087934069325,0.06656856269661528
843.066132264529,0.06301225986647352,0.0018073478405285352,0.05946985809903759,0.06655466163390945
845.2905811623245,0.06299995483453703,0.001805006304657923,0.059462142477407505,0.06653776719166657
847.5150300601201,0.0629848473504644,0.0018025861027689738,0.05945177858903722,0.06651791611189159
849.7394789579157,0.06296688973156041,0.0018001532957316743,0.05943858927192633,0.06649519019119449
851.9639278557113,0.06294605177832105,0.0017977870256692104,0.059422389208009394,0.0664697143486327
854.1883767535069,0.06292232311820677,0.0017955766758369093,0.059402992833566426,0.0664416534028471
856.4128256513026,0.0628957156021022,0.0017936183985021482,0.059380223541037995,0.06641120766316641
858.6372745490982,0.06286626575927994,0.0017920110851988684,0.05935392403229015,0.06637860748626971
860.8617234468937,0.06283403731678237,0.0017908518808173945,0.05932396763038028,0.06634410700318447
863.0861723446893,0.06279912378924361,0.0017902313717876985,0.059290270300539724,0.0663079772779475
865.3106212424849,0.06276165114528767,0.0017902286067443952,0.05925280307606866,0.06627049921450669
867.5350701402805,0.06272178055676565,0.0017909061324092705,0.05921160453724348,0.06623195657628782
869.7595190380761,0.06267971123723057,0.001792305244476659,0.05916679295805632,0.06619262951640482
871.9839679358716,0.06263568334617055,0.0017944416896794504,0.059118577634398824,0.06615278905794227
874.2084168336672,0.06258997988626112,0.001797303094779595,0.05906726582049312,0.06611269395202914
876.4328657314628,0.06254292523245286,0.0018008506012558976,0.059013258053991303,0.06607259241091443
878.6573146292584,0.06249488208149513,0.0018050228337206076,0.05895703732740274,0.06603272683558753
880.881763527054,0.06244624840690071,0.0018097404195495479,0.0588991571845836,0.06599333962921783
883.1062124248496,0.06239745450011438,0.00181491076632921,0.05884022939810913,0.06595467960211963
885.3306613226453,0.06234896008991097,0.00182043289839648,0.05878091160905387,0.06591700857076807
887.5551102204408,0.06230125153217085,0.001826202170497318,0.05872189527799611,0.0658806077863456
889.7795591182364,0.06225483906229713,0.0018321147009860849,0.05866389424836441,0.06584578387622986
892.004008016032,0.06221025410263631,0.001838071395468999,0.05860763416751707,0.06581287403775554
894.2284569138276,0.062168046617351314,0.0018439814611937548,0.05855384295341155,0.06578225028129107
896.4529058116232,0.06212878250727165,0.0018497653403277887,0.05850324244022918,0.06575432257431411
898.6773547094188,0.062093041037304265,0.00185535701494191,0.058456541288018124,0.0657295407865904
900.9018036072143,0.062061412289040906,0.00186070565726073,0.05841442920080987,0.06570839537727194
903.1262525050099,0.06203449463123115,0.0018657766155275475,0.05837757246479716,0.06569141679766514
905.3507014028055,0.06201289220081654,0.0018705517391854455,0.058346610792013066,0.06567917360962001
907.5751503006011,0.061997212387231465,0.0018750290578821922,0.05832215543378237,0.06567226934068056
909.7995991983967,0.06198806331267613,0.0018792218381169755,0.05830478850996686,0.0656713381153854
912.0240480961922,0.06198605130105328,0.0018831570502223862,0.058295063482617406,0.06567703911948916
914.2484969939879,0.06199177832823527,0.0018868732877412885,0.05829350668426234,0.06569004997220819
916.4729458917835,0.06200583944628843,0.0018904181917859932,0.058300619790387885,0.06571105910218898
918.6973947895791,0.06202882017423271,0.0018938454449932865,0.05831688310204587,0.06574075724641955
920.9218436873747,0.06206129384784869,0.0018972114131310374,0.05834275947811186,0.06577982821758552
923.1462925851703,0.062103818920971006,0.001900571526749122,0.058378698728542726,0.06582893911339928
925.3707414829659,0.06215693621061462,0.0019039765095316648,0.05842514225193256,0.06588873016929668
927.5951903807614,0.06222116607818154,0.001907468572855465,0.05848252767538483,0.06595980448097825
929.819639278557,0.062297005538878514,0.0019110777058801375,0.05855129323535344,0.06604271784240358
932.0440881763526,0.06238492531150382,0.001914818225009771,0.058631881590484665,0.06613796903252296
934.2685370741482,0.06248536745986561,0.0019186866747333837,0.058724741577388176,0.06624599334234305
936.4929859719438,0.06259874495821306,0.0019226631069102517,0.05883032526866897,0.06636716464775716
938.7174348697393,0.06272544208863007,0.0019267140934553354,0.05894908246545761,0.06650180171180252
940.9418837675349,0.06286581478771423,0.0019307960595465563,0.05908145451100298,0.06665017506442548
943.1663326653305,0.06302019089726336,0.001934858739203559,0.05922786776842439,0.06681251402610235
945.3907815631262,0.063188870318947,0.0019388486264977222,0.059388727011011465,0.06698901362688253
947.6152304609218,0.06337212507277008,0.001942712305635876,0.059564408953723766,0.0671798411918164
949.8396793587174,0.06357019925896441,0.0019463995563832634,0.05975525612845322,0.06738514238947561
952.064128256513,0.06378330892277144,0.0019498661462205018,0.05996157127617926,0.06760504656936363
954.2885771543085,0.06401164182140825,0.0019530762359694419,0.06018361239890815,0.06783967124390836
956.5130260521041,0.06425535709233218,0.0019560043404141213,0.060421588585120506,0.06808912559954386
958.7374749498997,0.06451458482174566,0.0019586367991112734,0.060675656695487565,0.06835351294800375
960.9619238476953,0.06478942551210311,0.001960972724928385,0.060945918971243476,0.06863293205296274
963.1863727454909,0.06507994944720483,0.001963024409000062,0.061232421605564705,0.06892747728884495
965.4108216432865,0.06538619595327645,0.001964817171140089,0.06153515429784188,0.06923723760871103
967.635270541082,0.06570817255425258,0.0019663886548481843,0.06185405079075014,0.06956229431775503
969.8597194388776,0.06604585401929197,0.001967787576530691,0.06218899036929182,0.06990271766929212
972.0841683366732,0.06639918130036278,0.001969071950011119,0.06253980027834098,0.07025856232238457
974.3086172344689,0.06676806035754242,0.0019703068202962365,0.06290625898976179,0.07062986172532304
976.5330661322645,0.0671523608694776,0.001971561555112976,0.06328810022145616,0.07101662151749903
978.7575150300601,0.06755191482625056,0.001972906758840818,0.06368501757892256,0.07141881207357856
980.9819639278556,0.06796651500168963,0.0019744108906524756,0.06409666965601077,0.07183636034736848
983.2064128256512,0.06839591330195374,0.0019761366860488352,0.06452268539729802,0.07226914120660946
985.4308617234468,0.06883981898700418,0.001978137497257967,0.06496266949237857,0.0727169684816298
987.6553106212424,0.06929789676135766,0.001980453681603702,0.0654162075454144,0.07317958597730091
989.879759519038,0.06976976473028855,0.0019831091762473915,0.06588287074484367,0.07365665871573343
992.1042084168336,0.07025499225674994,0.0019861084356812162,0.06636221972281475,0.07414776479068513
994.3286573146291,0.07075309888864618,0.0019894348987452527,0.06685380648710548,0.07465239129018689
996.5531062124247,0.07126355656067614,0.001993052996824448,0.06735717268690022,0.07516994043445205
998.7775551102203,0.07178579315197849,0.0019969119480878995,0.0678718457337262,0.07569974057023077
1001.0020040080159,0.07231919598347142,0.0020009499511311354,0.0683973340792544,0.07624105788768844
1003.2264529058115,0.07286311519718552,0.0020050985793437937,0.06893312198167169,0.07679310841269936
1005.4509018036072,0.07341686702725604,0.0020092872428195386,0.06947866403132974,0.07735507002318234
1007.6753507014027,0.07397973697205641,0.002013447596259208,0.07003337968338837,0.07792609426072446
1009.8997995991983,0.0745509828767878,0.0020175177863948784,0.07059664801545383,0.07850531773812176
1012.1242484969939,0.07512983793568725,0.002021446448887265,0.07116780289586822,0.0790918729755063
1014.3486973947895,0.07571551362288136,0.002025196380593861,0.07174612871691739,0.07968489852884532
1016.5731462925851,0.07630720256079243,0.0020287478271458275,0.0723308568195866,0.08028354830199826
1018.7975951903807,0.07690408133489868,0.0020321013369608543,0.07292116271445541,0.08088699995534195
1021.0220440881762,0.07750531326356092,0.002035280140700496,0.07351616418778795,0.08149446233933388
1023.2464929859718,0.07811005113155423,0.0020383320197654682,0.0741149203728139,0.08210518189029455
1025.4709418837674,0.07871743989588212,0.0020413306291425302,0.07471643186276276,0.08271844792900147
1027.695390781563,0.07932661937240938,0.002044376239586223,0.07531964194282038,0.08333359680199838
1029.9198396793586,0.07993672691181758,0.002047595862882229,0.07592343902056842,0.08395001480306674
1032.1442885771542,0.08054690007337421,0.0020511427232334264,0.0765266603358367,0.08456713981091173
1034.3687374749497,0.08115627930500736,0.002055195039292134,0.07712809702799478,0.08518446158201995
1036.5931863727453,0.08176401063819172,0.0020599540868197004,0.07772650062802511,0.08580152064835833
1038.817635270541,0.08236924840618322,0.002065641523135054,0.0783205910208385,0.08641790579152793
1041.0420841683365,0.0829711579941846,0.0020724959728884375,0.07890906588732326,0.08703325010104594
1043.266533066132,0.08356891863008395,0.0020807689011439414,0.07949061158384182,0.08764722567632607
1045.4909819639277,0.08416172622448406,0.0020907198341808854,0.08006391534948953,0.08825953709947859
1047.7154308617232,0.0847487962688315,0.0021026110294056584,0.08062767865119641,0.08886991388646659
1049.939879759519,0.08532936680055897,0.0021167017403001132,0.08118063138957075,0.08947810221154719
1052.1643286573146,0.08590270141759754,0.0021332423017083563,0.08172154650624916,0.09008385632894592
1054.3887775551102,0.0864680916233306,0.0021524692358042817,0.08224925192115422,0.090686931325507
1056.6132264529058,0.08702485724575107,0.002174603259718581,0.08276263485670265,0.09128707963479948
1058.8376753507014,0.08757234611451357,0.002199848654513542,0.08326064275166703,0.09188404947736012
1061.062124248497,0.08810993379916837,0.0022283928895473304,0.0837422837356556,0.09247758386268114
1063.2865731462925,0.0886370234444748,0.0022604064151174547,0.08420662687084458,0.09306742001810502
1065.5110220440881,0.08915304570390581,0.0022960425786521916,0.08465280224974751,0.0936532891580641
1067.7354709418837,0.08965745877263562,0.002335437618409925,0.08508000104055216,0.09423491650471907
1069.9599198396793,0.09014974852148272,0.0023787106906712646,0.08548747556776704,0.0948120214751984
1072.1843687374749,0.09062942873346642,0.0024259638914301343,0.08587453950626336,0.09538431796066948
1074.4088176352705,0.09109604144482283,0.002477282240982219,0.08624056825249768,0.09595151463714799
1076.633266533066,0.09154915739251876,0.002532733608736975,0.08658499951939429,0.09651331526564323
1078.8577154308616,0.09198837657049812,0.002592368565113951,0.08690733418287477,0.09706941895812146
1081.0821643286572,0.0924133288970955,0.002656220156624156,0.08720713739011215,0.09761952040407884
1083.3066132264528,0.09282367499625706,0.0027243036084093003,0.08748403992377483,0.09816331006873928
1085.5310621242484,0.09321910709541846,0.0027966159650497447,0.08773773980392097,0.09870047438691595
1087.755511022044,0.09359935004310521,0.0028731356850249445,0.08796800410045633,0.0992306959857541
1089.9799599198395,0.09396416244954031,0.0029538222067211316,0.0881746709243669,0.09975365397471372
1092.204408817635,0.09431333795377186,0.0030386155044340234,0.08835765156508119,0.10026902434246254
1094.4288577154307,0.09464670662106485,0.0031274356516605016,0.08851693274381027,0.10077648049831943
1096.6533066132263,0.09496413646588812,0.0032201824128695205,0.08865257893666387,0.10127569399511238
1098.8777555110219,0.09526553455107173,0.0033167352849398876,0.08876473339258956,0.1017663357095539
1101.1022044088174,0.09555084585664234,0.0034169553210484168,0.08885361342738744,0.10224807828589723
1103.326653306613,0.09582005077148868,0.0035206880435741956,0.08891950220608326,0.1027205993368941
1105.5511022044086,0.09607316259902536,0.00362776633048243,0.0889627405912798,0.10318358460677092
1107.7755511022042,0.09631022519030609,0.0037380131243401928,0.08898371946659932,0.10363673091401286
1110.0,0.0965313106990085,0.003851243922344749,0.0889828726112128,0.1040797487868042
